{
  "$schema-template": "4.0.0",
  "modulesContent": {
    "$edgeAgent": {
      "properties.desired": {
        "schemaVersion": "1.4",
        "runtime": {
          "type": "docker",
          "settings": {
            "minDockerVersion": "v1.25",
            "loggingOptions": "",
            "registryCredentials": {}
          }
        },
        "systemModules": {
          "edgeAgent": {
            "type": "docker",
            "settings": {
              "image": "mcr.microsoft.com/azureiotedge-agent:1.4",
              "createOptions": {}
            }
          },
          "edgeHub": {
            "type": "docker",
            "status": "running",
            "restartPolicy": "always",
            "settings": {
              "image": "mcr.microsoft.com/azureiotedge-hub:1.4",
              "createOptions": {
                "HostConfig": {
                  "PortBindings": {
                    "5671/tcp": [
                      {
                        "HostPort": "5671"
                      }
                    ],
                    "8883/tcp": [
                      {
                        "HostPort": "8883"
                      }
                    ],
                    "443/tcp": [
                      {
                        "HostPort": "443"
                      }
                    ]
                  }
                }
              }
            }
          }
        },
        "modules": {
          "PLCModule": {
            "version": "1.0",
            "type": "docker",
            "status": "running",
            "restartPolicy": "always",
            "settings": {
              "image": "${MODULES.PLCModule}",
              "createOptions": {}
            }
          }
        }
      }
    },
    "PLCModule": {
      "properties.desired": {
        "tags": [
          {
            "name": "Awesome_tag",
            "gateway": "192.168.1.24",
            "path": "1,0",
            "tagName": "SOME_TAG_NAME",
            "pollingInterval": "1000"
          }
        ]
      }
    },
    "$edgeHub": {
      "properties.desired": {
        "schemaVersion": "1.4",
        "routes": {
          "PLCModuleToIoTHub": "FROM /messages/modules/PLCModule/outputs/* INTO $upstream"
        },
        "storeAndForwardConfiguration": {
          "timeToLiveSecs": 7200
        }
      }
    }
  }
}